,Name,Label,Location,Price,Kms_driven,Fuel_type,Owner,Year,Company
0,Hyundai Venue ,PLATINUM,Chennai,1019699,16112,Petrol,2nd,2019,Hyundai
1,Honda Jazz ,PLATINUM,Pune,713499,30988,Petrol,2nd,2017,Honda
2,Hyundai i20 ,PLATINUM,Pune,391099,69163,Diesel,2nd,2013,Hyundai
3,Maruti Suzuki Swift,PLATINUM,Pune,474299,42859,Petrol,2nd,2015,Maruti
4,Toyota Corolla Altis,PLATINUM,Pune,1252999,34919,Petrol,1st,2017,Toyota
5,Hyundai Elite i20,PLATINUM,Pune,730899,13687,Petrol,1st,2017,Hyundai
6,Maruti Suzuki Alto,PLATINUM,Pune,343099,29848,Petrol,2nd,2018,Maruti
7,Honda Jazz ,PLATINUM,Pune,707599,21426,Petrol,2nd,2018,Honda
8,Maruti Suzuki Baleno,PLATINUM,Pune,688899,68177,Diesel,2nd,2016,Maruti
9,Jeep Compass ,PLATINUM,Pune,1421599,70650,Diesel,1st,2017,Jeep
10,Maruti Suzuki Alto,PLATINUM,Pune,399999,25730,Petrol,2nd,2017,Maruti
11,Kia Seltos ,PLATINUM,Pune,1473299,47096,Petrol,2nd,2019,Kia
12,Hyundai Creta 1.6,GOLD,Chennai,600000,58460,Diesel,1st,2019,Hyundai
13,Kia Seltos ,GOLD,Chennai,800000,48000,Petrol,1st,2020,Kia
14,Ford Ecosport ,PLATINUM,Pune,807499,23698,Petrol,1st,2017,Ford
15,Hyundai Grand i10,PLATINUM,Pune,522999,37860,Petrol,2nd,2016,Hyundai
16,Maruti Suzuki Swift,PLATINUM,Pune,474299,91830,Petrol,2nd,2015,Maruti
17,Hyundai Elite i20,PLATINUM,Pune,740899,31172,Petrol,2nd,2019,Hyundai
18,Toyota Yaris ,PLATINUM,Pune,1141999,3243,Petrol,2nd,2021,Toyota
19,Tata Nexon ,PLATINUM,Pune,971299,9616,Petrol,2nd,2020,Tata
20,Maruti Suzuki Baleno,PLATINUM,Pune,640999,30249,Petrol,2nd,2017,Maruti
21,Maruti Suzuki Baleno,PLATINUM,Pune,676199,60875,Petrol,2nd,2019,Maruti
22,Maruti Suzuki Swift,PLATINUM,Chennai,562399,25740,Petrol,2nd,2017,Maruti
23,Ford Ecosport 1.0,PLATINUM,Pune,580899,38587,Petrol,2nd,2014,Ford
24,Renault Triber ,PLATINUM,Pune,770999,3108,Petrol,2nd,2021,Renault
25,Honda Amaze ,PLATINUM,Pune,531399,35353,Petrol,2nd,2016,Honda
26,Hyundai EON Magna,PLATINUM,Pune,367299,34748,Petrol,2nd,2017,Hyundai
27,Maruti Suzuki Alto,PLATINUM,Pune,412199,2359,Petrol,2nd,2020,Maruti
28,Hyundai Creta S,PLATINUM,Pune,1460099,17814,Diesel,2nd,2020,Hyundai
29,Maruti Suzuki Baleno,PLATINUM,Pune,618699,68934,Petrol,2nd,2018,Maruti
30,Hyundai i20 Asta,GOLD,Bangalore,485000,72600,Petrol,2nd,2014,Hyundai
31,Nissan Micra XV,GOLD,Chennai,245000,80000,Diesel,1st,2012,Nissan
32,MG Motors Hector,GOLD,Chennai,1200000,36000,Diesel,1st,2020,MG
33,Maruti Suzuki Wagon,PLATINUM,Pune,490199,15840,Petrol,2nd,2017,Maruti
34,Maruti Suzuki Baleno,PLATINUM,Pune,618699,68934,Petrol,2nd,2018,Maruti
35,Maruti Suzuki Vitara,PLATINUM,Pune,920999,32482,Diesel,2nd,2017,Maruti
36,Honda City ,PLATINUM,Pune,554399,113779,Diesel,2nd,2014,Honda
37,Maruti Suzuki Wagon,PLATINUM,Pune,408999,26150,Petrol,2nd,2017,Maruti
38,Mahindra XUV 500,PLATINUM,Pune,1248299,34555,Diesel,2nd,2018,Mahindra
39,Maruti Suzuki Baleno,PLATINUM,Pune,636099,30880,Petrol,1st,2018,Maruti
40,Hyundai i20 Asta,PLATINUM,Pune,452699,70423,Petrol,1st,2013,Hyundai
41,Hyundai Elite i20,PLATINUM,Pune,704399,30232,Diesel,2nd,2018,Hyundai
42,Volkswagen Polo ,PLATINUM,Pune,553599,50077,Petrol,2nd,2016,Volkswagen
43,Ford Ecosport ,PLATINUM,Pune,999599,18482,Diesel,2nd,2018,Ford
44,Maruti Suzuki Baleno,PLATINUM,Pune,684699,10246,Petrol,2nd,2018,Maruti
45,Maruti Suzuki Baleno,PLATINUM,Pune,620399,25021,Petrol,2nd,2016,Maruti
46,Hyundai Elite i20,PLATINUM,Pune,549899,70646,Petrol,2nd,2014,Hyundai
47,Maruti Suzuki Vitara,PLATINUM,Pune,812899,45490,Diesel,2nd,2018,Maruti
48,Ford Ecosport ,PLATINUM,Chennai,656699,53306,Diesel,2nd,2016,Ford
49,Hyundai Creta 1.6,GOLD,Chennai,725000,58460,Diesel,1st,2019,Hyundai
50,Hyundai Venue ,GOLD,Chennai,600000,29000,Diesel,1st,2019,Hyundai
51,Hyundai Creta 1.6,PLATINUM,Pune,818599,69215,Petrol,1st,2017,Hyundai
52,Hyundai Verna 1.6,PLATINUM,Pune,862399,33340,Petrol,1st,2018,Hyundai
53,Renault Triber ,PLATINUM,Pune,673599,9783,Petrol,2nd,2019,Renault
54,Hyundai Santro Sportz,PLATINUM,Pune,528899,15110,Petrol,2nd,2018,Hyundai
55,Maruti Suzuki S,PLATINUM,Pune,527999,3399,Petrol,2nd,2021,Maruti
56,Mahindra XUV 500,PLATINUM,Pune,791699,89310,Diesel,1st,2013,Mahindra
57,Maruti Suzuki Wagon,PLATINUM,Chennai,392999,53148,Petrol,1st,2015,Maruti
58,Honda City VX,PLATINUM,Pune,690199,42020,Petrol,1st,2015,Honda
59,Maruti Suzuki Swift,PLATINUM,Pune,474699,74594,Diesel,2nd,2013,Maruti
60,MG Motors Hector,PLATINUM,Pune,2019899,6110,Petrol,2nd,2021,MG
61,Hyundai Grand i10,PLATINUM,Pune,562299,24346,Petrol,2nd,2017,Hyundai
62,Jeep Compass ,PLATINUM,Pune,1400999,65668,Diesel,1st,2017,Jeep
63,Renault Kwid ,PLATINUM,Pune,447599,48644,Petrol,2nd,2018,Renault
64,Toyota Innova Crysta,PLATINUM,Pune,1814599,36877,Diesel,2nd,2018,Toyota
65,Tata Nexon ,PLATINUM,Pune,920399,79673,Diesel,2nd,2018,Tata
66,Maruti Suzuki Swift,PLATINUM,Pune,447599,54352,Petrol,2nd,2014,Maruti
67,Mahindra Xylo ,GOLD,Kozhikode,525000,107000,Diesel,1st,2015,Mahindra
68,Mahindra Xylo ,GOLD,Kozhikode,525000,107000,Diesel,2nd,2015,Mahindra
69,Maruti Suzuki Alto,PLATINUM,Pune,343299,48658,Petrol,2nd,2017,Maruti
70,MG Motors Hector,PLATINUM,Pune,1711499,11998,Petrol,2nd,2020,MG
71,Maruti Suzuki Vitara,PLATINUM,Pune,918799,32513,Diesel,2nd,2018,Maruti
72,Hyundai Grand i10,PLATINUM,Pune,526399,21372,Petrol,2nd,2016,Hyundai
73,Volkswagen Vento ,PLATINUM,Pune,881099,34178,Petrol,1st,2017,Volkswagen
74,Kia Seltos ,PLATINUM,Pune,1764199,20547,Petrol,2nd,2019,Kia
75,Maruti Suzuki Baleno,PLATINUM,Pune,639199,34731,Petrol,2nd,2016,Maruti
76,Hyundai Grand i10,PLATINUM,Pune,522999,30536,Petrol,1st,2016,Hyundai
77,MG Motors Hector,PLATINUM,Bangalore,1917599,10205,Diesel,2nd,2019,MG
78,Maruti Suzuki Wagon,PLATINUM,Pune,466599,25483,Petrol,2nd,2017,Maruti
79,Toyota Corolla Altis,PLATINUM,Pune,1397699,39113,Petrol,2nd,2017,Toyota
80,Maruti Suzuki Ignis,PLATINUM,Pune,504399,43152,Petrol,2nd,2017,Maruti
81,MG Motors Hector,PLATINUM,Pune,1920399,5325,Petrol,2nd,2020,MG
82,Ford Ecosport ,PLATINUM,Pune,917599,44705,Petrol,2nd,2018,Ford
83,Toyota Etios ,PLATINUM,Pune,319099,70022,Petrol,2nd,2011,Toyota
84,Maruti Suzuki Celerio,PLATINUM,Pune,484399,47435,Petrol,2nd,2017,Maruti
85,Honda City 1.5,GOLD,Lucknow,73000,195000,Petrol,2nd,2001,Honda
86,Hyundai Verna 1.6,GOLD,Coimbatore,1550000,13000,Petrol,1st,2022,Hyundai
87,Mahindra e2o T2,GOLD,Bangalore,420000,46000,Electric,1st,2016,Mahindra
88,Toyota Fortuner 4x4,GOLD,Kolkata,1595000,72000,Diesel,1st,2015,Toyota
89,Hyundai Xcent ,PLATINUM,Pune,573499,29026,Petrol,2nd,2016,Hyundai
90,Hyundai Creta 1.6,PLATINUM,Pune,879199,59258,Petrol,2nd,2015,Hyundai
91,Mahindra XUV 500,PLATINUM,Pune,733399,120399,Diesel,1st,2014,Mahindra
92,Maruti Suzuki Vitara,PLATINUM,Pune,967599,28853,Diesel,2nd,2018,Maruti
93,Honda City ,PLATINUM,Pune,1539299,9811,Petrol,2nd,2020,Honda
94,Hyundai i20 Active,PLATINUM,Pune,561499,43538,Petrol,2nd,2015,Hyundai
95,Hyundai Creta ,PLATINUM,Pune,1042699,66400,Petrol,2nd,2017,Hyundai
96,Maruti Suzuki S,PLATINUM,Pune,1032099,59341,Diesel,2nd,2017,Maruti
97,Hyundai Creta ,PLATINUM,Pune,903499,56246,Petrol,2nd,2016,Hyundai
98,Honda Amaze ,PLATINUM,Pune,472499,35944,Petrol,2nd,2014,Honda
99,Honda WR V,PLATINUM,Pune,771299,17699,Petrol,2nd,2018,Honda
100,Maruti Suzuki Wagon,PLATINUM,Pune,447099,41065,Petrol,2nd,2017,Maruti
101,Renault Kwid ,PLATINUM,Pune,504599,2311,Petrol,2nd,2019,Renault
102,Hyundai Grand i10,PLATINUM,Pune,620999,2991,Petrol,2nd,2018,Hyundai
103,Hyundai Grand i10,PLATINUM,Pune,433999,29762,Petrol,2nd,2015,Hyundai
104,Skoda Rapid ,PLATINUM,Pune,627499,91917,Diesel,2nd,2016,Skoda
105,Renault Kwid ,PLATINUM,Pune,504599,2311,Petrol,2nd,2019,Renault
106,Maruti Suzuki Dzire,PLATINUM,Pune,704199,30771,Petrol,2nd,2018,Maruti
107,Hyundai Santro Sportz,PLATINUM,Pune,513099,29488,Petrol,2nd,2018,Hyundai
108,Renault Kwid ,PLATINUM,Pune,469399,36559,Petrol,2nd,2019,Renault
109,Honda WR V,PLATINUM,Pune,844199,38242,Diesel,2nd,2018,Honda
110,Maruti Suzuki Ignis,PLATINUM,Pune,544799,66426,Petrol,1st,2017,Maruti
111,Volkswagen Polo ,PLATINUM,Pune,710899,16950,Petrol,2nd,2018,Volkswagen
112,Maruti Suzuki Baleno,PLATINUM,Pune,580599,18866,Petrol,2nd,2016,Maruti
113,Maruti Suzuki Swift,PLATINUM,Pune,638499,53245,Diesel,1st,2017,Maruti
114,Hyundai Verna ,PLATINUM,Pune,654699,44543,Petrol,1st,2016,Hyundai
115,Maruti Suzuki S,PLATINUM,Pune,894199,50128,Diesel,1st,2018,Maruti
116,Maruti Suzuki S,PLATINUM,Pune,858599,56349,Diesel,2nd,2018,Maruti
117,Maruti Suzuki S,PLATINUM,Pune,992199,69524,Diesel,2nd,2017,Maruti
118,Volkswagen Polo ,PLATINUM,Pune,714999,41218,Petrol,1st,2017,Volkswagen
119,Maruti Suzuki Baleno,PLATINUM,Pune,765599,9085,Petrol,1st,2020,Maruti
120,MG Motors Hector,PLATINUM,Bangalore,1800299,11292,Diesel,2nd,2019,MG
121,Mercedes Benz C,GOLD,Mumbai,1190000,75000,Diesel,2nd,2011,Mercedes
122,Maruti Suzuki Ertiga,GOLD,Delhi,600000,48600,Diesel,1st,2015,Maruti
123,Maruti Suzuki Alto,GOLD,Delhi,336000,3600,Petrol,1st,2019,Maruti
124,Maruti Suzuki Dzire,PLATINUM,Pune,680699,29594,Petrol,2nd,2019,Maruti
125,Honda City VX,PLATINUM,Pune,714899,55953,Petrol,1st,2015,Honda
126,Maruti Suzuki Alto,PLATINUM,Pune,316799,16980,Petrol,1st,2016,Maruti
127,Ford Ecosport ,PLATINUM,Pune,675099,41828,Diesel,2nd,2016,Ford
128,Maruti Suzuki S,PLATINUM,Pune,1057399,64803,Diesel,2nd,2018,Maruti
129,Maruti Suzuki Ertiga,PLATINUM,Pune,938099,44460,Diesel,2nd,2018,Maruti
130,Tata Nexon ,PLATINUM,Pune,1057699,14276,Diesel,2nd,2018,Tata
131,Maruti Suzuki Wagon,PLATINUM,Pune,610099,23425,Petrol,2nd,2019,Maruti
132,Maruti Suzuki Alto,PLATINUM,Pune,452199,23056,Petrol,2nd,2018,Maruti
133,Hyundai Elite i20,PLATINUM,Pune,712699,16102,Petrol,2nd,2019,Hyundai
134,Maruti Suzuki Vitara,PLATINUM,Pune,838699,56615,Diesel,1st,2019,Maruti
135,Mahindra TUV300 ,PLATINUM,Pune,666899,70317,Diesel,1st,2015,Mahindra
136,MG Motors Hector,PLATINUM,Bangalore,1681899,6760,Petrol,2nd,2020,MG
137,MG Motors Hector,PLATINUM,Chennai,1854599,8870,Petrol,2nd,2020,MG
138,Maruti Suzuki Baleno,PLATINUM,Pune,571499,78209,Petrol,1st,2016,Maruti
139,Volkswagen Vento ,PLATINUM,Pune,589199,64292,Petrol,2nd,2015,Volkswagen
140,Toyota Fortuner 3.0,GOLD,Chandigarh,1231000,117000,Diesel,2nd,2012,Toyota
141,Hyundai i20 Magna,GOLD,Bangalore,320000,89450,Diesel,2nd,2011,Hyundai
142,Maruti Suzuki Alto,PLATINUM,Pune,351699,58771,Petrol,2nd,2015,Maruti
143,Maruti Suzuki Alto,PLATINUM,Pune,299199,53266,Petrol,2nd,2016,Maruti
144,Honda Amaze ,PLATINUM,Pune,657199,9200,Petrol,2nd,2019,Honda
145,Ford Ecosport ,PLATINUM,Pune,539299,61721,Petrol,2nd,2014,Ford
146,Hyundai Grand i10,PLATINUM,Pune,608399,18333,Petrol,2nd,2017,Hyundai
147,Ford Ecosport ,PLATINUM,Pune,1042799,51780,Petrol,2nd,2019,Ford
148,Maruti Suzuki Baleno,PLATINUM,Pune,645199,30854,Petrol,2nd,2018,Maruti
149,Ford Ecosport ,PLATINUM,Pune,811899,24680,Petrol,2nd,2017,Ford
150,Volkswagen Vento ,PLATINUM,Pune,557799,85663,Petrol,1st,2015,Volkswagen
151,Mahindra Bolero ,PLATINUM,Pune,873999,20541,Diesel,2nd,2021,Mahindra
152,Hyundai i20 Magna,PLATINUM,Pune,278299,64182,Petrol,1st,2010,Hyundai
153,Maruti Suzuki S,PLATINUM,Pune,986399,58819,Diesel,2nd,2017,Maruti
154,Maruti Suzuki Wagon,PLATINUM,Pune,610099,32057,Petrol,2nd,2019,Maruti
155,Jeep Compass ,PLATINUM,Pune,1749899,18403,Petrol,2nd,2018,Jeep
156,Maruti Suzuki Alto,PLATINUM,Pune,443899,7877,Petrol,2nd,2018,Maruti
157,Hyundai Verna 1.6,PLATINUM,Pune,936299,15509,Petrol,2nd,2018,Hyundai
158,Maruti Suzuki Baleno,PLATINUM,Pune,580599,48329,Petrol,1st,2016,Maruti
159,Renault Kwid RXT,PLATINUM,Pune,404499,21301,Petrol,2nd,2019,Renault
160,Maruti Suzuki Vitara,PLATINUM,Pune,838699,34566,Diesel,2nd,2019,Maruti
161,Renault Kwid ,PLATINUM,Pune,446499,34297,Petrol,2nd,2018,Renault
162,Tata Hexa ,PLATINUM,Pune,1047499,119571,Diesel,2nd,2017,Tata
163,Maruti Suzuki Alto,PLATINUM,Pune,345599,27957,Petrol,2nd,2018,Maruti
164,Ford Ecosport ,PLATINUM,Pune,784399,27210,Petrol,2nd,2018,Ford
165,Maruti Suzuki Swift,PLATINUM,Pune,489399,21610,Petrol,2nd,2014,Maruti
166,Maruti Suzuki Baleno,PLATINUM,Pune,627499,40902,Petrol,2nd,2017,Maruti
167,Maruti Suzuki Alto,PLATINUM,Pune,288399,11057,Petrol,2nd,2015,Maruti
168,Maruti Suzuki Baleno,PLATINUM,Pune,573999,72505,Petrol,2nd,2016,Maruti
169,Hyundai Creta ,PLATINUM,Pune,1373699,31338,Petrol,1st,2018,Hyundai
170,Maruti Suzuki Alto,PLATINUM,Pune,279799,28674,Petrol,2nd,2016,Maruti
171,Hyundai Elite i20,PLATINUM,Pune,658199,25416,Petrol,1st,2018,Hyundai
172,Hyundai Grand i10,PLATINUM,Pune,465499,14765,Petrol,2nd,2016,Hyundai
173,Toyota Etios ,PLATINUM,Pune,563999,60380,Diesel,1st,2015,Toyota
174,Maruti Suzuki Baleno,PLATINUM,Pune,718699,19775,Petrol,2nd,2018,Maruti
175,Tata Tiago ,PLATINUM,Pune,543399,28495,Petrol,1st,2018,Tata
176,Hyundai Creta ,PLATINUM,Pune,1780399,28344,Diesel,2nd,2020,Hyundai
177,Toyota Glanza ,PLATINUM,Pune,757999,10801,Petrol,2nd,2020,Toyota
178,Tata Nexon ,PLATINUM,Pune,1013999,4365,Petrol,1st,2019,Tata
179,Maruti Suzuki Celerio,PLATINUM,Pune,439999,53266,Diesel,2nd,2016,Maruti
180,Maruti Suzuki S,PLATINUM,Pune,839199,50866,Diesel,2nd,2018,Maruti
181,Maruti Suzuki Alto,PLATINUM,Pune,421799,24230,Petrol,2nd,2019,Maruti
182,Maruti Suzuki Baleno,PLATINUM,Pune,580599,64275,Petrol,2nd,2016,Maruti
183,Hyundai Venue ,PLATINUM,Pune,986799,8924,Petrol,2nd,2019,Hyundai
184,MG Motors Hector,PLATINUM,Pune,2057399,12208,Petrol,2nd,2021,MG
185,Honda City V,PLATINUM,Pune,1082299,26956,Petrol,2nd,2018,Honda
186,Hyundai Grand i10,PLATINUM,Pune,576999,12223,Petrol,2nd,2017,Hyundai
187,Hyundai Grand i10,PLATINUM,Pune,533199,23960,Petrol,2nd,2016,Hyundai
188,Maruti Suzuki Wagon,PLATINUM,Pune,473299,33687,Petrol,2nd,2015,Maruti
189,MG Motors Hector,PLATINUM,Pune,1838399,24887,Petrol,2nd,2020,MG
190,Toyota Innova 2.5,GOLD,Mumbai,800000,74000,Diesel,2nd,2013,Toyota
191,BMW 3 Series,GOLD,Mumbai,1890000,61000,Diesel,2nd,2015,BMW
192,Jaguar XF 2.2,GOLD,Mumbai,2150000,20000,Diesel,2nd,2014,Jaguar
193,Hyundai Verna Fluidic,GOLD,Mumbai,699000,26000,Petrol,1st,2015,Hyundai
194,Hyundai Grand i10,PLATINUM,Pune,451799,71423,Petrol,2nd,2015,Hyundai
195,Hyundai Grand i10,PLATINUM,Pune,446999,34095,Petrol,1st,2015,Hyundai
196,Maruti Suzuki Wagon,PLATINUM,Pune,470799,32658,Petrol,2nd,2016,Maruti
197,Maruti Suzuki Ignis,PLATINUM,Pune,511799,33166,Petrol,2nd,2017,Maruti
198,Maruti Suzuki Wagon,PLATINUM,Chennai,399899,31284,Petrol,2nd,2014,Maruti
199,Maruti Suzuki Wagon,PLATINUM,Pune,375999,66090,Petrol,2nd,2015,Maruti
200,Ford Ecosport ,PLATINUM,Pune,664799,51295,Petrol,2nd,2016,Ford
201,Maruti Suzuki Baleno,PLATINUM,Pune,617799,48693,Petrol,2nd,2016,Maruti
202,Maruti Suzuki Ciaz,PLATINUM,Pune,749299,36626,Diesel,2nd,2017,Maruti
203,Renault Duster ,PLATINUM,Pune,795799,55752,Diesel,2nd,2016,Renault
204,Tata Tigor ,PLATINUM,Pune,543499,49341,Diesel,2nd,2017,Tata
205,Maruti Suzuki Alto,PLATINUM,Chennai,317199,60251,Petrol,2nd,2015,Maruti
206,Maruti Suzuki Alto,PLATINUM,Pune,373699,22269,Petrol,2nd,2015,Maruti
207,Volkswagen Ameo ,PLATINUM,Pune,501799,38999,Petrol,2nd,2016,Volkswagen
208,Maruti Suzuki Vitara,PLATINUM,Pune,838699,29110,Diesel,2nd,2019,Maruti
209,Hyundai Creta ,PLATINUM,Pune,1804399,14506,Petrol,2nd,2020,Hyundai
210,Hyundai Xcent 1.2,GOLD,Chennai,299000,95000,Diesel,2nd,2016,Hyundai
211,Ford Figo 1.5,GOLD,Chennai,176000,88000,Diesel,2nd,2010,Ford
212,Maruti Suzuki Wagon,GOLD,Chennai,325000,60000,Petrol,1st,2014,Maruti
213,Hyundai Creta ,PLATINUM,Pune,1804399,14506,Petrol,2nd,2020,Hyundai
214,Maruti Suzuki S,PLATINUM,Pune,985299,29115,Diesel,2nd,2017,Maruti
215,Maruti Suzuki Baleno,PLATINUM,Pune,642899,34763,Petrol,2nd,2017,Maruti
216,Maruti Suzuki Ciaz,PLATINUM,Chennai,740000,12500,Diesel,2nd,2015,Maruti
217,Renault Kwid CLIMBER,PLATINUM,Bangalore,463099,44696,Petrol,1st,2017,Renault
218,Maruti Suzuki Alto,PLATINUM,Pune,350599,33004,Petrol,2nd,2018,Maruti
219,Hyundai Verna Fluidic,PLATINUM,Chennai,636299,46034,Petrol,1st,2016,Hyundai
220,Hyundai Grand i10,PLATINUM,Chennai,698199,60307,Petrol,1st,2020,Hyundai
221,Hyundai Grand i10,PLATINUM,Chennai,764199,8825,Petrol,1st,2021,Hyundai
222,Maruti Suzuki Celerio,PLATINUM,Chennai,524799,5743,Petrol,1st,2019,Maruti
223,Ford EcoSport Ambiente,GOLD,Chennai,420000,87000,Diesel,1st,2013,Ford
224,Maruti Suzuki Celerio,PLATINUM,Chennai,524799,5743,Petrol,1st,2019,Maruti
225,Maruti Suzuki Eeco,PLATINUM,Chennai,493899,25735,Petrol,1st,2019,Maruti
226,Hyundai Elite i20,PLATINUM,Chennai,825299,37522,Petrol,2nd,2019,Hyundai
227,Maruti Suzuki Wagon,PLATINUM,Chennai,495499,38955,Petrol,1st,2018,Maruti
228,Hyundai Eon Era,PLATINUM,Chennai,277599,65308,Petrol,1st,2014,Hyundai
229,Maruti Suzuki Wagon,PLATINUM,Chennai,473899,30467,Petrol,1st,2017,Maruti
230,Hyundai Venue S,PLATINUM,Chennai,855299,1954,Petrol,1st,2019,Hyundai
231,Hyundai Santro 1.1,PLATINUM,Chennai,540299,35220,Petrol,1st,2019,Hyundai
232,Hyundai Elite i20,PLATINUM,Chennai,642899,75876,Petrol,1st,2016,Hyundai
233,Maruti Suzuki Alto,PLATINUM,Chennai,442299,27020,Petrol,1st,2021,Maruti
234,Renault Triber 1.0,PLATINUM,Chennai,725399,13739,Petrol,1st,2019,Renault
235,Maruti Suzuki Wagon,PLATINUM,Chennai,558299,21544,Petrol,1st,2019,Maruti
236,Maruti Suzuki Alto,PLATINUM,Chennai,354299,13816,Petrol,1st,2016,Maruti
237,Hyundai Elite i20,PLATINUM,Chennai,673599,23817,Petrol,1st,2016,Hyundai
238,Hyundai Grand i10,PLATINUM,Chennai,525099,60985,Petrol,1st,2017,Hyundai
239,Maruti Suzuki Swift,PLATINUM,Chennai,529699,50141,Petrol,1st,2016,Maruti
240,Fiat Linea Dynamic,PLATINUM,Kolkata,256000,30000,Petrol,1st,2012,Fiat
241,Maruti Suzuki XL6,PLATINUM,Bangalore,1244799,22292,Petrol,2nd,2019,Maruti
242,Honda Amaze ,PLATINUM,Bangalore,474399,44013,Petrol,1st,2014,Honda
243,Maruti Suzuki Wagon,PLATINUM,Bangalore,389399,96250,Petrol,2nd,2016,Maruti
244,Maruti Suzuki Swift,PLATINUM,Chennai,562399,59839,Petrol,2nd,2017,Maruti
245,Hyundai Grand i10,PLATINUM,Chennai,446699,49693,Petrol,2nd,2015,Hyundai
246,Renault Kwid RXT,PLATINUM,Bangalore,439999,22223,Petrol,1st,2017,Renault
247,Honda Amaze ,PLATINUM,Bangalore,918999,8030,Petrol,2nd,2021,Honda
248,Volkswagen Polo ,PLATINUM,Bangalore,815799,38780,Petrol,2nd,2016,Volkswagen
249,Maruti Suzuki Vitara,PLATINUM,Bangalore,896799,31919,Diesel,2nd,2018,Maruti
250,Hyundai i10 Sportz,PLATINUM,Bangalore,411399,47564,Petrol,2nd,2015,Hyundai
251,Hyundai Grand i10,PLATINUM,Bangalore,498999,42836,Petrol,2nd,2013,Hyundai
252,Ford Figo ,PLATINUM,Bangalore,357999,50488,Petrol,2nd,2015,Ford
253,Maruti Suzuki Ignis,PLATINUM,Pune,462599,12916,Petrol,1st,2018,Maruti
254,Hyundai Elite i20,PLATINUM,Bangalore,695199,30731,Petrol,1st,2016,Hyundai
255,Maruti Suzuki Eeco,PLATINUM,Bangalore,490399,8825,Petrol,2nd,2019,Maruti
256,Renault Kwid RxL,PLATINUM,Bangalore,340099,21627,Petrol,3rd,2016,Renault
257,Maruti Suzuki Ertiga,PLATINUM,Bangalore,997899,5580,Petrol,2nd,2020,Maruti
258,Hyundai i10 Sportz,PLATINUM,Bangalore,351599,41371,Petrol,1st,2013,Hyundai
259,Maruti Suzuki Swift,PLATINUM,Bangalore,603799,42313,Petrol,1st,2016,Maruti
260,Hyundai Elite i20,PLATINUM,Bangalore,599799,74913,Petrol,2nd,2016,Hyundai
261,Maruti Suzuki Wagon,PLATINUM,Bangalore,456099,74760,Petrol,2nd,2018,Maruti
262,Ford Ecosport ,PLATINUM,Bangalore,993699,34045,Diesel,2nd,2019,Ford
263,Maruti Suzuki Ritz,PLATINUM,Bangalore,312299,143147,Petrol,2nd,2010,Maruti
264,Hyundai Venue ,PLATINUM,Bangalore,1221799,28149,Petrol,1st,2019,Hyundai
265,Maruti Suzuki Swift,PLATINUM,Bangalore,522999,38049,Petrol,2nd,2015,Maruti
266,Hyundai EON Magna,PLATINUM,Bangalore,323399,78895,Petrol,2nd,2014,Hyundai
267,Hyundai Grand i10,PLATINUM,Bangalore,510799,27027,Petrol,2nd,2015,Hyundai
268,Maruti Suzuki Vitara,PLATINUM,Pune,910799,23940,Petrol,2nd,2020,Maruti
269,Renault Captur ,PLATINUM,Chennai,722899,26678,Petrol,2nd,2018,Renault
270,Honda WR V,PLATINUM,Pune,809499,41342,Diesel,2nd,2018,Honda
271,Maruti Suzuki Alto,PLATINUM,Bangalore,297399,59614,Petrol,1st,2013,Maruti
272,Maruti Suzuki Alto,PLATINUM,Bangalore,411999,39550,Petrol,2nd,2016,Maruti
273,Renault Triber ,PLATINUM,Bangalore,623399,28621,Petrol,1st,2019,Renault
274,Honda Brio ,PLATINUM,Bangalore,372399,60437,Petrol,1st,2013,Honda
275,Maruti Suzuki Wagon,PLATINUM,Chennai,518099,26598,Petrol,2nd,2018,Maruti
276,Honda Amaze ,PLATINUM,Chennai,485599,62723,Petrol,2nd,2015,Honda
277,Maruti Suzuki Baleno,PLATINUM,Chennai,636899,21145,Petrol,2nd,2017,Maruti
278,Hyundai Grand i10,PLATINUM,Pune,396999,48699,Petrol,1st,2013,Hyundai
279,Ford Ecosport ,PLATINUM,Pune,980399,10102,Petrol,2nd,2019,Ford
280,Maruti Suzuki Baleno,PLATINUM,Bangalore,658999,34881,Petrol,1st,2017,Maruti
281,Hyundai EON D,PLATINUM,Bangalore,304099,53997,Petrol,2nd,2015,Hyundai
282,Maruti Suzuki Alto,PLATINUM,Bangalore,362599,49076,Petrol,1st,2015,Maruti
283,Maruti Suzuki Alto,PLATINUM,Bangalore,344199,65951,Petrol,2nd,2014,Maruti
284,Skoda Rapid 1.5,GOLD,Bangalore,550000,136000,Diesel,1st,2015,Skoda
285,Maruti Suzuki Alto,PLATINUM,Bangalore,462399,15032,Petrol,1st,2017,Maruti
286,Maruti Suzuki Alto,PLATINUM,Pune,319999,15575,Petrol,2nd,2017,Maruti
287,Maruti Suzuki Swift,PLATINUM,Pune,275699,147819,Diesel,3rd,2010,Maruti
288,Hyundai Grand i10,PLATINUM,Bangalore,501599,35203,Petrol,2nd,2016,Hyundai
289,Maruti Suzuki Eeco,PLATINUM,Bangalore,506599,7597,Petrol,1st,2020,Maruti
290,Mahindra Scorpio S5,PLATINUM,Bangalore,1198599,34883,Diesel,1st,2018,Mahindra
291,Ford Ecosport ,PLATINUM,Bangalore,775499,59580,Diesel,2nd,2017,Ford
292,Maruti Suzuki Ritz,PLATINUM,Bangalore,338999,49647,Petrol,2nd,2011,Maruti
293,Hyundai Verna Fluidic,PLATINUM,Bangalore,652699,67577,Petrol,2nd,2016,Hyundai
294,Tata Tiago ,PLATINUM,Bangalore,535899,10890,Petrol,1st,2017,Tata
295,Maruti Suzuki Swift,PLATINUM,Chennai,492099,57444,Petrol,1st,2015,Maruti
296,Honda City ,PLATINUM,Bangalore,885999,33598,Petrol,2nd,2017,Honda
297,Ford Freestyle ,PLATINUM,Bangalore,694899,17804,Petrol,2nd,2018,Ford
298,Maruti Suzuki Swift,PLATINUM,Pune,450599,62613,Petrol,2nd,2013,Maruti
299,Hyundai i20 Asta,PLATINUM,Bangalore,377999,56974,Petrol,2nd,2010,Hyundai
300,Datsun Redi GO,PLATINUM,Bangalore,491499,1405,Petrol,1st,2021,Datsun
301,Hyundai Verna ,PLATINUM,Pune,1171199,36965,Petrol,2nd,2018,Hyundai
302,Honda WR V,PLATINUM,Pune,625699,25526,Petrol,1st,2017,Honda
303,Hyundai Grand i10,PLATINUM,Chennai,453199,20235,Petrol,1st,2016,Hyundai
304,Maruti Suzuki Vitara,PLATINUM,Chennai,850499,61064,Diesel,2nd,2018,Maruti
305,Maruti Suzuki Ignis,PLATINUM,Chennai,548699,12558,Petrol,2nd,2018,Maruti
306,Maruti Suzuki Alto,PLATINUM,Bangalore,498799,14179,Petrol,1st,2019,Maruti
307,Honda City VX,PLATINUM,Chennai,1377199,20379,Petrol,1st,2020,Honda
308,Ford Ecosport ,PLATINUM,Pune,772799,42837,Petrol,2nd,2017,Ford
309,Hyundai Elite i20,PLATINUM,Chennai,572599,67473,Petrol,2nd,2016,Hyundai
310,Honda City V,PLATINUM,Bangalore,774899,27576,Petrol,1st,2016,Honda
311,Maruti Suzuki S,PLATINUM,Pune,885099,80900,Diesel,2nd,2017,Maruti
312,Hyundai Elite i20,PLATINUM,Bangalore,687499,100934,Diesel,2nd,2017,Hyundai
313,Hyundai Elite i20,PLATINUM,Bangalore,567799,29060,Petrol,2nd,2015,Hyundai
314,Hyundai i10 Magna,PLATINUM,Chennai,398499,36129,Petrol,2nd,2016,Hyundai
315,Maruti Suzuki Swift,PLATINUM,Pune,348499,156442,Diesel,2nd,2011,Maruti
316,Maruti Suzuki Wagon,PLATINUM,Chennai,520899,48710,Petrol,2nd,2018,Maruti
317,Ford Ecosport ,PLATINUM,Pune,916799,20619,Petrol,2nd,2018,Ford
318,Maruti Suzuki Wagon,PLATINUM,Pune,480999,51149,Petrol,2nd,2018,Maruti
319,Tata Nexon ,PLATINUM,Bangalore,1043299,12978,Petrol,1st,2020,Tata
320,Honda City V,PLATINUM,Bangalore,787399,40025,Petrol,1st,2016,Honda
321,Hyundai Grand i10,PLATINUM,Bangalore,501599,63075,Petrol,2nd,2016,Hyundai
322,Honda Brio ,PLATINUM,Chennai,362999,78724,Petrol,2nd,2012,Honda
323,Renault Kwid ,PLATINUM,Pune,403199,12257,Petrol,2nd,2018,Renault
324,Hyundai Venue ,PLATINUM,Bangalore,1022599,26890,Diesel,2nd,2019,Hyundai
325,Nissan Micra Active,PLATINUM,Chennai,483199,20485,Petrol,2nd,2018,Nissan
326,Hyundai EON Era,PLATINUM,Chennai,321399,69220,Petrol,2nd,2017,Hyundai
327,Maruti Suzuki Alto,PLATINUM,Chennai,307999,41900,Petrol,2nd,2017,Maruti
328,Maruti Suzuki Eeco,PLATINUM,Bangalore,478599,11944,Petrol,2nd,2019,Maruti
329,Maruti Suzuki Wagon,PLATINUM,Chennai,405199,66143,Petrol,2nd,2015,Maruti
330,Maruti Suzuki Alto,PLATINUM,Chennai,314999,16563,Petrol,2nd,2018,Maruti
331,Hyundai Elite i20,PLATINUM,Pune,684599,14460,Petrol,2nd,2016,Hyundai
332,Maruti Suzuki Alto,PLATINUM,Bangalore,413099,47120,Petrol,2nd,2018,Maruti
333,Maruti Suzuki Swift,PLATINUM,Chennai,501199,147960,Diesel,2nd,2016,Maruti
334,Maruti Suzuki Wagon,PLATINUM,Pune,357399,38766,Petrol,2nd,2014,Maruti
335,Maruti Suzuki Eeco,PLATINUM,Bangalore,494199,8409,Petrol,2nd,2019,Maruti
336,Renault Kwid RxL,PLATINUM,Bangalore,424099,20718,Petrol,2nd,2019,Renault
337,Maruti Suzuki Baleno,PLATINUM,Chennai,598299,51125,Petrol,1st,2017,Maruti
338,Hyundai Grand i10,PLATINUM,Bangalore,477599,64459,Petrol,1st,2014,Hyundai
339,Maruti Suzuki Swift,PLATINUM,Pune,447599,29467,Petrol,1st,2014,Maruti
340,Tata Nexon ,PLATINUM,Pune,703999,18019,Petrol,1st,2017,Tata
341,Maruti Suzuki Celerio,PLATINUM,Chennai,416099,40710,Petrol,2nd,2016,Maruti
342,Maruti Suzuki S,PLATINUM,Chennai,559099,1956,Petrol,2nd,2021,Maruti
343,Hyundai Grand i10,PLATINUM,Bangalore,527099,21531,Petrol,3rd,2018,Hyundai
344,Kia Seltos ,PLATINUM,Pune,1517999,20989,Petrol,2nd,2019,Kia
345,Hyundai i20 ,PLATINUM,Chennai,431099,33901,Petrol,1st,2013,Hyundai
346,Hyundai Grand i10,PLATINUM,Chennai,539799,54696,Petrol,2nd,2018,Hyundai
347,MG Motors Hector,PLATINUM,Bangalore,1800299,11292,Diesel,2nd,2019,MG
348,Hyundai Grand i10,PLATINUM,Bangalore,616599,27317,Petrol,2nd,2017,Hyundai
349,Hyundai Xcent ,PLATINUM,Bangalore,466599,79784,Petrol,2nd,2014,Hyundai
350,Audi Q3 ,PLATINUM,Chennai,1656999,73656,Diesel,1st,2015,Audi
351,Tata Tiago ,PLATINUM,Bangalore,562999,27664,Petrol,1st,2018,Tata
352,Hyundai Verna FLUIDIC,PLATINUM,Bangalore,488899,41898,Petrol,2nd,2012,Hyundai
353,Maruti Suzuki S,PLATINUM,Chennai,514599,4889,Petrol,2nd,2021,Maruti
354,Hyundai Grand i10,PLATINUM,Chennai,495299,39836,Petrol,1st,2015,Hyundai
355,Honda Jazz ,PLATINUM,Bangalore,752399,16108,Petrol,2nd,2016,Honda
356,Hyundai Grand i10,PLATINUM,Bangalore,474799,46111,Petrol,2nd,2015,Hyundai
357,Maruti Suzuki Ciaz,PLATINUM,Bangalore,849599,23761,Petrol,2nd,2018,Maruti
358,Maruti Suzuki S,PLATINUM,Bangalore,663199,146782,Diesel,1st,2016,Maruti
359,Hyundai Grand i10,PLATINUM,Bangalore,566699,26597,Petrol,1st,2016,Hyundai
360,Maruti Suzuki Eeco,PLATINUM,Chennai,471199,12323,Petrol,2nd,2018,Maruti
361,Renault Kwid RXL,PLATINUM,Bangalore,385499,3230,Petrol,1st,2017,Renault
362,Maruti Suzuki Swift,PLATINUM,Chennai,491599,62059,Petrol,3rd,2016,Maruti
363,Maruti Suzuki Baleno,PLATINUM,Bangalore,725699,28188,Petrol,2nd,2019,Maruti
364,BMW 5 Series,GOLD,NaviMumbai,990000,49000,Petrol,3rd,2010,BMW
365,Hyundai Grand i10,PLATINUM,Bangalore,640099,32877,Petrol,2nd,2019,Hyundai
366,Maruti Suzuki Ignis,PLATINUM,Chennai,575099,17283,Petrol,2nd,2019,Maruti
367,Maruti Suzuki Ertiga,PLATINUM,Bangalore,1081899,86033,Diesel,1st,2018,Maruti
368,Volkswagen Polo ,PLATINUM,Bangalore,726399,17419,Petrol,2nd,2018,Volkswagen
369,Maruti Suzuki Eeco,PLATINUM,Bangalore,480399,24416,Petrol,2nd,2019,Maruti
370,Renault Kwid RxL,PLATINUM,Bangalore,369599,26700,Petrol,2nd,2017,Renault
371,Maruti Suzuki Swift,PLATINUM,Bangalore,451399,28979,Petrol,1st,2014,Maruti
372,Maruti Suzuki Eeco,PLATINUM,Bangalore,494099,27150,Petrol,1st,2019,Maruti
373,Ford EcoSport ,PLATINUM,Bangalore,1240899,3195,Petrol,1st,2020,Ford
374,Hyundai Eon Era,PLATINUM,Bangalore,286199,26761,Petrol,1st,2013,Hyundai
375,Hyundai Grand i10,PLATINUM,Bangalore,509399,71992,Petrol,2nd,2017,Hyundai
376,Maruti Suzuki Alto,PLATINUM,Bangalore,378099,27239,Petrol,2nd,2016,Maruti
377,Honda Jazz ,PLATINUM,Chennai,586699,36244,Petrol,2nd,2016,Honda
378,Maruti Suzuki Vitara,PLATINUM,Pune,906899,69807,Diesel,2nd,2019,Maruti
379,Maruti Suzuki Vitara,PLATINUM,Pune,882199,31803,Diesel,2nd,2019,Maruti
380,Honda Jazz ,PLATINUM,Bangalore,507999,92373,Petrol,1st,2015,Honda
381,Maruti Suzuki Vitara,PLATINUM,Pune,782999,59612,Diesel,2nd,2016,Maruti
382,Ford Ecosport ,PLATINUM,Bangalore,623399,30212,Petrol,2nd,2014,Ford
383,Maruti Suzuki Ignis,PLATINUM,Chennai,548699,18113,Petrol,2nd,2018,Maruti
384,Maruti Suzuki Alto,PLATINUM,Bangalore,397099,48435,Petrol,2nd,2018,Maruti
385,Maruti Suzuki Wagon,PLATINUM,Bangalore,392099,29297,Petrol,1st,2015,Maruti
386,Maruti Suzuki Wagon,PLATINUM,Bangalore,354599,53525,Petrol,2nd,2012,Maruti
387,Honda Amaze ,PLATINUM,Bangalore,719599,15890,Petrol,1st,2018,Honda
388,Honda WR V,PLATINUM,Bangalore,834099,31694,Petrol,1st,2019,Honda
389,Maruti Suzuki Alto,PLATINUM,Chennai,365899,36279,Petrol,2nd,2017,Maruti
390,Hyundai i10 Sportz,PLATINUM,Chennai,400899,33349,Petrol,1st,2015,Hyundai
391,Toyota Etios Liva,PLATINUM,Chennai,320199,103182,Petrol,1st,2012,Toyota
392,Hyundai Xcent S,PLATINUM,Chennai,457399,63048,Petrol,2nd,2016,Hyundai
393,Maruti Suzuki Baleno,PLATINUM,Chennai,717699,26358,Petrol,2nd,2017,Maruti
394,Maruti Suzuki Wagon,PLATINUM,Chennai,417299,18932,Petrol,1st,2017,Maruti
395,Maruti Suzuki Alto,PLATINUM,Pune,323199,20369,Petrol,2nd,2018,Maruti
396,Honda Jazz 1.2,PLATINUM,Bangalore,633999,58769,Petrol,1st,2016,Honda
397,Hyundai Creta 1.6,PLATINUM,Chennai,875999,123920,Diesel,1st,2017,Hyundai
398,Hyundai EON ,PLATINUM,Pune,309399,17900,Petrol,3rd,2016,Hyundai
399,Maruti Suzuki Baleno,PLATINUM,Bangalore,658999,31041,Petrol,1st,2017,Maruti
400,Maruti Suzuki Wagon,PLATINUM,Chennai,514099,61875,Petrol,2nd,2018,Maruti
401,Hyundai Elite i20,PLATINUM,Chennai,672899,29210,Petrol,2nd,2016,Hyundai
402,Mahindra TUV300 ,PLATINUM,Pune,620099,35826,Diesel,1st,2016,Mahindra
403,Ford Freestyle ,PLATINUM,Bangalore,733999,29364,Petrol,2nd,2019,Ford
404,Renault Triber ,PLATINUM,Chennai,664699,16304,Petrol,1st,2021,Renault
405,Maruti Suzuki Swift,PLATINUM,Chennai,454299,95731,Petrol,2nd,2015,Maruti
406,Maruti Suzuki Swift,PLATINUM,Bangalore,357499,31011,Petrol,2nd,2010,Maruti
407,Maruti Suzuki Swift,PLATINUM,Pune,447599,30601,Petrol,1st,2014,Maruti
408,Maruti Suzuki S,PLATINUM,Bangalore,422299,14568,Petrol,1st,2019,Maruti
409,Toyota Etios V,PLATINUM,Bangalore,449699,89559,Petrol,2nd,2012,Toyota
410,Hyundai Grand i10,PLATINUM,Bangalore,493499,48834,Petrol,2nd,2014,Hyundai
411,Hyundai Elite i20,PLATINUM,Chennai,605699,74190,Diesel,2nd,2014,Hyundai
412,Ford EcoSport Titanium,PLATINUM,Bangalore,755099,43077,Petrol,2nd,2016,Ford
413,MG Motors Hector,GOLD,Surat,1401000,16000,Petrol,1st,2020,MG
414,MG Motors Hector,GOLD,Ahmedabad,1401000,16000,Petrol,1st,2020,MG
415,Maruti Suzuki Eeco,PLATINUM,Bangalore,432699,17981,Petrol,2nd,2018,Maruti
416,Maruti Suzuki Eeco,PLATINUM,Chennai,418599,20780,Petrol,2nd,2018,Maruti
417,Maruti Suzuki Alto,PLATINUM,Chennai,275799,56719,Petrol,2nd,2014,Maruti
418,Maruti Suzuki Wagon,PLATINUM,Bangalore,456199,31108,Petrol,2nd,2015,Maruti
419,Honda City ,PLATINUM,Chennai,728499,33611,Petrol,2nd,2016,Honda
420,Maruti Suzuki Alto,PLATINUM,Chennai,431599,43700,Petrol,2nd,2019,Maruti
421,Maruti Suzuki Ignis,PLATINUM,Pune,533099,49920,Petrol,2nd,2017,Maruti
422,Maruti Suzuki Swift,PLATINUM,Bangalore,451399,57338,Petrol,1st,2014,Maruti
423,Hyundai Venue S,PLATINUM,Bangalore,840699,23096,Petrol,1st,2020,Hyundai
424,Maruti Suzuki Swift,PLATINUM,Chennai,486499,48732,Petrol,1st,2016,Maruti
425,Honda City ,PLATINUM,Pune,450199,67924,Petrol,1st,2012,Honda
426,Maruti Suzuki Wagon,PLATINUM,Chennai,418999,30418,Petrol,2nd,2014,Maruti
427,Honda City ,PLATINUM,Chennai,621299,50593,Petrol,2nd,2014,Honda
428,Hyundai i20 Active,PLATINUM,Chennai,508399,136381,Petrol,2nd,2016,Hyundai
429,Maruti Suzuki Celerio,PLATINUM,Pune,390999,46943,Petrol,2nd,2015,Maruti
430,Maruti Suzuki Swift,PLATINUM,Bangalore,675099,36277,Petrol,2nd,2017,Maruti
431,Kia Seltos HTX,GOLD,Surat,1501000,5600,Diesel,1st,2021,Kia
432,Kia Seltos HTX,GOLD,Ahmedabad,1501000,5600,Diesel,1st,2021,Kia
433,Maruti Suzuki Wagon,GOLD,Ahmedabad,130000,45000,Petrol,2nd,2007,Maruti
434,Hyundai Xcent ,PLATINUM,Chennai,464199,70359,Diesel,2nd,2015,Hyundai
435,Hyundai EON Era,PLATINUM,Chennai,343999,42205,Petrol,2nd,2017,Hyundai
436,Nissan Micra ,PLATINUM,Chennai,441499,60539,Petrol,2nd,2015,Nissan
437,Maruti Suzuki Dzire,PLATINUM,Bangalore,684999,16533,Petrol,2nd,2019,Maruti
438,Volkswagen Polo ,PLATINUM,Pune,815399,26596,Petrol,2nd,2017,Volkswagen
439,Hyundai Grand i10,PLATINUM,Pune,468999,30912,Petrol,2nd,2016,Hyundai
440,Hyundai Venue ,PLATINUM,Bangalore,1194799,17951,Diesel,2nd,2019,Hyundai
441,Volkswagen Polo ,PLATINUM,Bangalore,599899,36928,Petrol,2nd,2015,Volkswagen
442,Maruti Suzuki Dzire,PLATINUM,Bangalore,710199,22854,Petrol,2nd,2018,Maruti
443,Hyundai i20 ,PLATINUM,Bangalore,474399,89156,Petrol,1st,2014,Hyundai
444,Maruti Suzuki Baleno,PLATINUM,Chennai,701399,41999,Petrol,2nd,2019,Maruti
445,Honda City ,PLATINUM,Chennai,834599,66145,Petrol,2nd,2017,Honda
446,Maruti Suzuki Alto,PLATINUM,Bangalore,333699,29157,Petrol,2nd,2017,Maruti
447,Hyundai EON Era,PLATINUM,Chennai,349799,33882,Petrol,2nd,2017,Hyundai
448,Hyundai EON Era,PLATINUM,Bangalore,286199,29379,Petrol,2nd,2013,Hyundai
449,Maruti Suzuki Alto,PLATINUM,Bangalore,386699,17352,Petrol,2nd,2019,Maruti
450,Hyundai Creta 1.6,GOLD,Delhi,1300000,19000,Diesel,1st,2021,Hyundai
451,Renault Triber ,PLATINUM,Bangalore,659199,13486,Petrol,1st,2019,Renault
452,Hyundai Grand i10,PLATINUM,Chennai,572599,33562,Petrol,2nd,2018,Hyundai
453,Hyundai Verna ,PLATINUM,Pune,1171199,13691,Petrol,2nd,2018,Hyundai
454,Hyundai Grand i10,PLATINUM,Bangalore,557199,31980,Petrol,2nd,2017,Hyundai
455,Hyundai Grand i10,PLATINUM,Chennai,531399,69526,Petrol,2nd,2016,Hyundai
456,Maruti Suzuki Alto,PLATINUM,Bangalore,426199,21492,Petrol,2nd,2016,Maruti
457,Maruti Suzuki Celerio,PLATINUM,Chennai,432999,47425,Petrol,1st,2016,Maruti
458,Hyundai Grand i10,PLATINUM,Pune,458399,40988,Petrol,2nd,2016,Hyundai
459,Jeep Compass ,PLATINUM,Chennai,1465199,51983,Diesel,2nd,2018,Jeep
460,Maruti Suzuki Vitara,PLATINUM,Pune,783099,69376,Diesel,2nd,2018,Maruti
461,Maruti Suzuki Swift,PLATINUM,Chennai,562399,33094,Petrol,2nd,2017,Maruti
462,Tata Tiago ,PLATINUM,Bangalore,529199,26237,Petrol,3rd,2017,Tata
463,Honda Brio ,PLATINUM,Bangalore,447199,42415,Petrol,1st,2015,Honda
464,Hyundai Creta ,PLATINUM,Pune,944099,112308,Diesel,2nd,2016,Hyundai
465,Maruti Suzuki Celerio,PLATINUM,Bangalore,452099,61427,Petrol,1st,2017,Maruti
466,MG Motors Hector,PLATINUM,Bangalore,1917599,10205,Diesel,2nd,2019,MG
467,Maruti Suzuki Ciaz,GOLD,Hyderabad,795000,58492,Petrol,1st,2018,Maruti
468,Honda City 1.5,GOLD,Kolkata,350888,45000,Petrol,1st,2011,Honda
469,Maruti Suzuki Swift,PLATINUM,Chennai,580599,75691,Diesel,2nd,2017,Maruti
470,Maruti Suzuki Alto,PLATINUM,Chennai,223299,84301,Petrol,3rd,2013,Maruti
471,Tata Tiago ,PLATINUM,Bangalore,600399,38346,Petrol,2nd,2019,Tata
472,Maruti Suzuki Alto,PLATINUM,Chennai,367399,41530,Petrol,2nd,2017,Maruti
473,Ford Ecosport ,PLATINUM,Pune,704099,23049,Petrol,2nd,2017,Ford
474,Maruti Suzuki Wagon,PLATINUM,Bangalore,377899,74510,Petrol,1st,2016,Maruti
475,Maruti Suzuki Wagon,PLATINUM,Bangalore,458699,20141,Petrol,2nd,2016,Maruti
476,Ford Ecosport ,PLATINUM,Chennai,566199,85860,Petrol,2nd,2015,Ford
477,Maruti Suzuki Swift,PLATINUM,Pune,594599,63133,Diesel,1st,2017,Maruti
478,Maruti Suzuki Dzire,PLATINUM,Bangalore,678699,71894,Petrol,2nd,2018,Maruti
479,Renault Duster ,PLATINUM,Bangalore,883099,95627,Diesel,2nd,2017,Renault
480,Ford Ecosport ,PLATINUM,Pune,578099,75324,Diesel,2nd,2014,Ford
481,Maruti Suzuki Alto,PLATINUM,Pune,305899,64611,Petrol,2nd,2015,Maruti
482,Maruti Suzuki Celerio,PLATINUM,Bangalore,457399,77128,Petrol,3rd,2016,Maruti
483,Maruti Suzuki Alto,PLATINUM,Bangalore,316799,36306,Petrol,1st,2016,Maruti
484,Hyundai i20 Asta,PLATINUM,Bangalore,399999,83803,Petrol,1st,2011,Hyundai
485,Mahindra XUV 500,GOLD,Mumbai,1100000,44000,Diesel,1st,2018,Mahindra
486,Honda City 1.5,GOLD,Kolkata,990888,700,Petrol,1st,2020,Honda
487,Hyundai i20 Asta,PLATINUM,Bangalore,399999,83803,Petrol,1st,2011,Hyundai
488,Hyundai Creta 1.6,PLATINUM,Chennai,841499,75398,Petrol,2nd,2017,Hyundai
489,Honda City ZX,PLATINUM,Bangalore,1016899,42317,Petrol,1st,2017,Honda
490,Maruti Suzuki Swift,PLATINUM,Bangalore,748599,60214,Diesel,2nd,2018,Maruti
491,Maruti Suzuki Swift,PLATINUM,Pune,622099,58861,Diesel,2nd,2017,Maruti
492,Volkswagen Polo ,PLATINUM,Pune,530699,27995,Petrol,2nd,2016,Volkswagen
493,Maruti Suzuki Celerio,PLATINUM,Bangalore,471899,61018,Petrol,2nd,2017,Maruti
494,Maruti Suzuki Swift,PLATINUM,Chennai,505399,67109,Petrol,2nd,2015,Maruti
495,Maruti Suzuki Wagon,PLATINUM,Chennai,460299,81811,Petrol,2nd,2017,Maruti
496,Hyundai Verna 1.6,PLATINUM,Pune,683999,27357,Petrol,1st,2017,Hyundai
497,Volkswagen Polo HIGHLINE1.2L,PLATINUM,Bangalore,639699,53293,Petrol,3rd,2018,Volkswagen
498,Maruti Suzuki Celerio,PLATINUM,Bangalore,510499,45260,Petrol,2nd,2017,Maruti
499,Hyundai Venue ,PLATINUM,Pune,1185499,3139,Petrol,2nd,2019,Hyundai
500,Maruti Suzuki Celerio,PLATINUM,Bangalore,471899,44690,Petrol,1st,2017,Maruti
501,Hyundai Santro ASTA,PLATINUM,Bangalore,579899,13858,Petrol,1st,2019,Hyundai
502,Maruti Suzuki Alto,PLATINUM,Bangalore,333699,25256,Petrol,2nd,2017,Maruti
503,Maruti Suzuki Ciaz,GOLD,Delhi,590000,44100,Hybrid,1st,2016,Maruti
504,Honda Amaze 1.2,GOLD,Kolkata,375888,47000,Petrol,1st,2016,Honda
505,Mahindra XUV 500,GOLD,Kolkata,778888,46000,Diesel,1st,2015,Mahindra
506,Volvo XC60 D3,GOLD,Mumbai,1750000,86000,Diesel,2nd,2012,Volvo
507,Volkswagen Polo COMFORTLINE,PLATINUM,Bangalore,582899,15227,Petrol,1st,2017,Volkswagen
508,Volkswagen Polo ,PLATINUM,Chennai,414099,87375,Diesel,1st,2014,Volkswagen
509,Maruti Suzuki Eeco,PLATINUM,Chennai,516599,7679,Petrol,2nd,2020,Maruti
510,Maruti Suzuki Alto,PLATINUM,Bangalore,366299,48378,Petrol,1st,2016,Maruti
511,Maruti Suzuki Wagon,PLATINUM,Chennai,375899,54645,Petrol,1st,2014,Maruti
512,Maruti Suzuki Eeco,PLATINUM,Chennai,493899,7211,Petrol,1st,2019,Maruti
513,Datsun Redi GO,PLATINUM,Bangalore,311399,37217,Petrol,2nd,2017,Datsun
514,Maruti Suzuki Eeco,PLATINUM,Chennai,493899,32372,Petrol,1st,2019,Maruti
515,Maruti Suzuki Wagon,PLATINUM,Chennai,501999,37947,Petrol,2nd,2018,Maruti
516,Hyundai Grand i10,PLATINUM,Pune,409399,51886,Petrol,2nd,2014,Hyundai
517,Toyota Innova Crysta,PLATINUM,Pune,1737899,43187,Diesel,2nd,2018,Toyota
518,Hyundai i20 Active,PLATINUM,Pune,583999,33616,Diesel,1st,2015,Hyundai
519,Volkswagen Vento ,PLATINUM,Chennai,654299,91087,Diesel,1st,2015,Volkswagen
520,Ford Ecosport ,PLATINUM,Bangalore,986699,26372,Petrol,2nd,2018,Ford
521,Maruti Suzuki Celerio,PLATINUM,Bangalore,414199,58762,Petrol,1st,2014,Maruti
522,Hyundai Elite i20,PLATINUM,Chennai,588099,101920,Diesel,2nd,2016,Hyundai
523,Hyundai i20 Active,PLATINUM,Pune,567399,35140,Petrol,2nd,2015,Hyundai
524,Maruti Suzuki Ciaz,PLATINUM,Pune,805099,50842,Diesel,2nd,2018,Maruti
525,Honda Amaze ,PLATINUM,Pune,492199,43412,Petrol,1st,2015,Honda
526,Honda Jazz ,PLATINUM,Pune,495799,46201,Petrol,1st,2016,Honda
527,Maruti Suzuki S,PLATINUM,Bangalore,1113599,63626,Diesel,2nd,2017,Maruti
528,Maruti Suzuki Alto,PLATINUM,Chennai,299999,18251,Petrol,1st,2016,Maruti
529,Maruti Suzuki Baleno,PLATINUM,Chennai,592099,41019,Petrol,2nd,2016,Maruti
530,Renault Kwid RXT,PLATINUM,Chennai,322299,46463,Petrol,1st,2015,Renault
531,Renault Kwid ,PLATINUM,Bangalore,481999,20110,Petrol,2nd,2017,Renault
532,Hyundai Grand i10,PLATINUM,Pune,534599,17364,Petrol,2nd,2016,Hyundai
533,MG Motors Hector,PLATINUM,Bangalore,1681899,6760,Petrol,2nd,2020,MG
534,Maruti Suzuki Celerio,PLATINUM,Bangalore,429599,35109,Petrol,2nd,2016,Maruti
535,Honda Amaze ,PLATINUM,Chennai,723799,44266,Petrol,2nd,2018,Honda
536,Volkswagen Polo ,PLATINUM,Chennai,563299,39156,Petrol,2nd,2017,Volkswagen
537,Maruti Suzuki Alto,PLATINUM,Pune,214199,57993,Petrol,3rd,2011,Maruti
538,Maruti Suzuki Alto,PLATINUM,Bangalore,319399,51573,Petrol,2nd,2015,Maruti
539,Maruti Suzuki Vitara,PLATINUM,Bangalore,810399,78329,Diesel,2nd,2016,Maruti
540,Maruti Suzuki Ertiga,PLATINUM,Chennai,788999,61977,Diesel,1st,2016,Maruti
541,Mahindra KUV100 K6,PLATINUM,Bangalore,508799,58640,Diesel,1st,2016,Mahindra
542,Renault Kwid ,PLATINUM,Bangalore,457099,40650,Petrol,1st,2018,Renault
543,Volkswagen Polo ,PLATINUM,Bangalore,612899,19121,Petrol,2nd,2019,Volkswagen
544,Ford Ecosport ,PLATINUM,Chennai,684099,85893,Diesel,2nd,2016,Ford
545,Renault Triber ,PLATINUM,Chennai,716699,9874,Petrol,2nd,2019,Renault
546,Hyundai Grand i10,PLATINUM,Bangalore,501599,25202,Petrol,1st,2016,Hyundai
547,Hyundai Grand i10,PLATINUM,Chennai,509699,95999,Petrol,2nd,2016,Hyundai
548,Maruti Suzuki Alto,PLATINUM,Bangalore,337799,49074,Petrol,2nd,2014,Maruti
549,Hyundai Verna 1.6,PLATINUM,Pune,852399,52439,Petrol,2nd,2017,Hyundai
550,Mahindra XUV 500,PLATINUM,Bangalore,1784699,10813,Diesel,1st,2020,Mahindra
551,Hyundai Creta ,PLATINUM,Chennai,778199,127971,Petrol,2nd,2016,Hyundai
552,Maruti Suzuki Swift,PLATINUM,Chennai,705099,114108,Diesel,2nd,2018,Maruti
553,Hyundai Grand i10,PLATINUM,Chennai,557599,52030,Diesel,2nd,2017,Hyundai
554,Mahindra XUV 500,PLATINUM,Pune,1518099,44721,Diesel,2nd,2018,Mahindra
555,BMW 5 Series,GOLD,NaviMumbai,1059000,49000,Petrol,3rd,2010,BMW
556,Maruti Suzuki Alto,GOLD,Kolkata,185000,55000,Petrol,1st,2011,Maruti
557,Mercedes Benz E,GOLD,Kolkata,1948888,10000,Diesel,1st,2013,Mercedes
558,Tata Harrier ,PLATINUM,Bangalore,2272499,22667,Diesel,2nd,2020,Tata
559,Honda City ,PLATINUM,Bangalore,626199,68519,Petrol,1st,2014,Honda
560,Tata Nano ,PLATINUM,Bangalore,236099,64011,Petrol,1st,2015,Tata
561,Maruti Suzuki Alto,PLATINUM,Bangalore,430499,13598,Petrol,1st,2021,Maruti
562,Maruti Suzuki Wagon,PLATINUM,Bangalore,442799,47037,Petrol,2nd,2014,Maruti
563,Hyundai Creta ,PLATINUM,Pune,1373699,69711,Petrol,2nd,2018,Hyundai
564,Hyundai Elite i20,PLATINUM,Pune,589299,49189,Petrol,2nd,2015,Hyundai
565,Maruti Suzuki Alto,PLATINUM,Chennai,298199,18368,Petrol,1st,2016,Maruti
566,Tata Harrier ,PLATINUM,Pune,1508799,16874,Diesel,2nd,2020,Tata
567,Maruti Suzuki Eeco,PLATINUM,Bangalore,473699,24484,Petrol,2nd,2019,Maruti
568,Maruti Suzuki Baleno,PLATINUM,Chennai,656299,20688,Petrol,2nd,2019,Maruti
569,Maruti Suzuki Alto,PLATINUM,Chennai,345799,24065,Petrol,2nd,2016,Maruti
570,Hyundai Grand i10,PLATINUM,Chennai,584599,22609,Petrol,2nd,2018,Hyundai
571,Skoda Rapid ,PLATINUM,Pune,786799,56523,Diesel,2nd,2017,Skoda
572,Hyundai Elite i20,PLATINUM,Chennai,624799,48031,Petrol,2nd,2018,Hyundai
573,Hyundai Grand i10,PLATINUM,Chennai,472399,45578,Petrol,1st,2016,Hyundai
574,Hyundai Fluidic Verna,GOLD,Kolkata,408888,70070,Diesel,1st,2012,Hyundai
575,Hyundai i10 Magna,GOLD,Kolkata,288888,28000,Petrol,1st,2015,Hyundai
576,Chevrolet Sail 1.2,GOLD,Kolkata,198888,30030,Diesel,1st,2013,Chevrolet
577,Ford Endeavor 4X4,GOLD,Kolkata,898888,25000,Diesel,1st,2011,Ford
578,BMW 3 Series,GOLD,Kolkata,1148888,8000,Diesel,1st,2013,BMW
579,Hyundai Elite i20,PLATINUM,Bangalore,687199,28648,Petrol,1st,2016,Hyundai
580,Hyundai i10 Magna,PLATINUM,Bangalore,387099,59819,Petrol,2nd,2015,Hyundai
581,Maruti Suzuki Baleno,PLATINUM,Chennai,650599,19574,Petrol,2nd,2018,Maruti
582,Tata Hexa ,PLATINUM,Chennai,1705799,46337,Diesel,2nd,2019,Tata
583,Volkswagen Polo ,PLATINUM,Bangalore,526899,73563,Petrol,1st,2015,Volkswagen
584,Honda Jazz ,PLATINUM,Chennai,612799,51428,Petrol,2nd,2016,Honda
585,Maruti Suzuki Alto,PLATINUM,Chennai,269099,95754,Petrol,2nd,2016,Maruti
586,Tata Hexa ,PLATINUM,Chennai,1952199,34533,Diesel,2nd,2019,Tata
587,Maruti Suzuki Baleno,PLATINUM,Chennai,646299,50154,Petrol,2nd,2016,Maruti
588,Maruti Suzuki Celerio,PLATINUM,Bangalore,425899,23492,Petrol,2nd,2016,Maruti
589,Maruti Suzuki Celerio,PLATINUM,Bangalore,496399,37739,Petrol,2nd,2017,Maruti
590,Maruti Suzuki Celerio,PLATINUM,Bangalore,393799,46178,Petrol,3rd,2015,Maruti
591,Maruti Suzuki Baleno,PLATINUM,Chennai,619599,42893,Petrol,1st,2017,Maruti
592,Maruti Suzuki Alto,PLATINUM,Pune,423599,57875,Petrol,2nd,2019,Maruti
593,Hyundai Venue ,PLATINUM,Pune,831999,4832,Petrol,2nd,2020,Hyundai
594,Renault Triber ,PLATINUM,Chennai,695099,27805,Petrol,2nd,2019,Renault
595,Hyundai Xcent S,GOLD,Ahmedabad,390000,71000,Diesel,1st,2014,Hyundai
596,Maruti Suzuki Alto,PLATINUM,Chennai,261499,68844,Petrol,2nd,2013,Maruti
597,Honda Jazz ,PLATINUM,Chennai,649699,37070,Petrol,1st,2017,Honda
598,Hyundai Grand i10,PLATINUM,Pune,494099,20393,Petrol,2nd,2017,Hyundai
599,Maruti Suzuki Alto,PLATINUM,Pune,313399,22244,Petrol,2nd,2017,Maruti
600,Toyota Fortuner ,PLATINUM,Chennai,2122099,47024,Diesel,1st,2016,Toyota
601,Hyundai Elite i20,PLATINUM,Chennai,552799,64707,Petrol,2nd,2015,Hyundai
602,Ford Ecosport ,PLATINUM,Pune,490099,52149,Petrol,2nd,2013,Ford
603,Hyundai Grand i10,PLATINUM,Pune,638599,11203,Petrol,2nd,2017,Hyundai
604,Maruti Suzuki Alto,PLATINUM,Pune,374799,18071,Petrol,2nd,2015,Maruti
605,Hyundai Elite i20,PLATINUM,Chennai,517499,81412,Petrol,2nd,2016,Hyundai
606,Maruti Suzuki Swift,PLATINUM,Chennai,553899,41912,Petrol,2nd,2016,Maruti
607,Maruti Suzuki Swift,PLATINUM,Chennai,579199,32516,Petrol,2nd,2016,Maruti
608,Hyundai Grand i10,PLATINUM,Bangalore,531999,41552,Petrol,2nd,2015,Hyundai
609,Hyundai Grand i10,PLATINUM,Chennai,496199,21790,Petrol,1st,2018,Hyundai
610,Maruti Suzuki Baleno,PLATINUM,Chennai,659099,34010,Petrol,2nd,2019,Maruti
611,Hyundai Elite i20,PLATINUM,Chennai,534799,50050,Petrol,2nd,2016,Hyundai
612,Hyundai Grand i10,PLATINUM,Chennai,496199,21790,Petrol,1st,2018,Hyundai
613,Maruti Suzuki Wagon,PLATINUM,Chennai,298599,75822,Petrol,1st,2011,Maruti
614,Tata Tiago ,PLATINUM,Bangalore,490199,28589,Petrol,1st,2016,Tata
615,Renault Kwid ,PLATINUM,Bangalore,422999,15883,Petrol,2nd,2017,Renault
616,Hyundai Elite i20,PLATINUM,Chennai,656399,63648,Petrol,1st,2016,Hyundai
617,Maruti Suzuki Vitara,PLATINUM,Pune,688599,156931,Diesel,2nd,2016,Maruti
618,Maruti Suzuki XL6,PLATINUM,Pune,1113299,13829,Petrol,2nd,2019,Maruti
619,Maruti Suzuki Baleno,PLATINUM,Pune,608399,28361,Petrol,1st,2016,Maruti
620,Hyundai Grand i10,PLATINUM,Chennai,587399,77960,Petrol,1st,2017,Hyundai
621,Maruti Suzuki Celerio,PLATINUM,Bangalore,449699,33473,Petrol,2nd,2015,Maruti
622,Maruti Suzuki Eeco,PLATINUM,Chennai,464899,29052,Petrol,2nd,2019,Maruti
623,Maruti Suzuki Alto,PLATINUM,Chennai,302699,68041,Petrol,2nd,2017,Maruti
624,Maruti Suzuki Baleno,PLATINUM,Bangalore,583299,61361,Petrol,2nd,2015,Maruti
625,Honda BRV ,PLATINUM,Bangalore,877999,32218,Petrol,2nd,2018,Honda
626,Hyundai i10 Magna,PLATINUM,Chennai,398499,28579,Petrol,1st,2016,Hyundai
627,Hyundai Grand i10,PLATINUM,Chennai,529399,51343,Petrol,2nd,2017,Hyundai
628,Honda City V,GOLD,Chennai,950000,35500,Petrol,1st,2017,Honda
629,Hyundai i20 Sportz,GOLD,Bangalore,439000,16000,Petrol,1st,2012,Hyundai
630,Renault Kwid RxL,PLATINUM,Bangalore,422299,17357,Petrol,2nd,2019,Renault
631,Ford Figo Aspire,PLATINUM,Bangalore,589999,14517,Petrol,2nd,2017,Ford
632,Maruti Suzuki Baleno,PLATINUM,Chennai,661299,13517,Petrol,1st,2017,Maruti
633,Maruti Suzuki Wagon,PLATINUM,Chennai,429099,42302,Petrol,1st,2017,Maruti
634,Maruti Suzuki Celerio,PLATINUM,Chennai,389399,65783,Petrol,2nd,2015,Maruti
635,Renault Lodgy ,PLATINUM,Chennai,629799,138716,Diesel,2nd,2015,Renault
636,Hyundai i10 Sportz,PLATINUM,Bangalore,397299,43339,Petrol,1st,2013,Hyundai
637,Maruti Suzuki Ignis,PLATINUM,Pune,546399,19526,Petrol,2nd,2018,Maruti
638,Maruti Suzuki Alto,PLATINUM,Bangalore,412999,25673,Petrol,1st,2016,Maruti
639,Maruti Suzuki Celerio,PLATINUM,Chennai,402799,93304,Petrol,2nd,2016,Maruti
640,Hyundai Creta ,PLATINUM,Chennai,915699,94409,Diesel,2nd,2019,Hyundai
641,Hyundai EON ,PLATINUM,Chennai,357899,27339,Petrol,2nd,2016,Hyundai
642,Renault Kwid ,PLATINUM,Pune,475399,9095,Petrol,2nd,2018,Renault
643,Maruti Suzuki Eeco,PLATINUM,Bangalore,485299,21934,Petrol,1st,2019,Maruti
644,Maruti Suzuki Baleno,PLATINUM,Bangalore,643599,51706,Petrol,2nd,2016,Maruti
645,Honda City ZX,GOLD,Dwarka,1069999,54000,CNG,1st,2018,Honda
646,Honda City ZX,GOLD,GirSomnath,1069999,54000,CNG,1st,2018,Honda
647,Honda City ZX,GOLD,Anand,1069999,54000,CNG,1st,2018,Honda
648,Honda WRV VX,GOLD,Kolkata,735000,34000,Petrol,1st,2018,Honda
649,Maruti Suzuki Wagon,PLATINUM,Pune,438199,31281,Petrol,1st,2018,Maruti
650,Honda City ,PLATINUM,Bangalore,924599,46312,Petrol,2nd,2019,Honda
651,Hyundai Elite i20,PLATINUM,Chennai,664099,32989,Petrol,1st,2018,Hyundai
652,Renault Kwid ,PLATINUM,Bangalore,462299,50599,Petrol,2nd,2018,Renault
653,Honda Brio ,PLATINUM,Bangalore,438499,26127,Petrol,2nd,2016,Honda
654,Maruti Suzuki Vitara,PLATINUM,Bangalore,680999,58118,Diesel,2nd,2016,Maruti
655,Maruti Suzuki Alto,PLATINUM,Chennai,393199,23534,Petrol,2nd,2019,Maruti
656,Maruti Suzuki Baleno,PLATINUM,Chennai,646799,58978,Petrol,2nd,2018,Maruti
657,Maruti Suzuki Wagon,PLATINUM,Pune,349999,33103,Petrol,1st,2014,Maruti
658,Maruti Suzuki Eeco,PLATINUM,Bangalore,419599,14600,Petrol,2nd,2018,Maruti
659,Maruti Suzuki Baleno,PLATINUM,Pune,585099,26049,Petrol,2nd,2016,Maruti
660,Ford Freestyle ,PLATINUM,Bangalore,627799,33895,Diesel,1st,2018,Ford
661,Volkswagen Polo ,PLATINUM,Bangalore,520799,32893,Petrol,2nd,2017,Volkswagen
662,Maruti Suzuki Swift,PLATINUM,Chennai,410199,61717,Petrol,3rd,2013,Maruti
663,Maruti Suzuki Wagon,PLATINUM,Chennai,404399,82334,Petrol,2nd,2017,Maruti
664,Hyundai Verna ,PLATINUM,Chennai,682799,87381,Petrol,2nd,2017,Hyundai
665,Porsche Cayenne Select,GOLD,Mumbai,3300000,38000,Electric,1st,2011,Porsche
666,Toyota Innova 2.5,GOLD,Bangalore,1175000,210000,Diesel,1st,2013,Toyota
667,Ford Ecosport ,PLATINUM,Pune,1045799,34642,Petrol,2nd,2019,Ford
668,Maruti Suzuki Swift,PLATINUM,Chennai,410199,154104,Petrol,2nd,2013,Maruti
669,Maruti Suzuki Alto,PLATINUM,Chennai,297299,61826,Petrol,2nd,2016,Maruti
670,Tata Nexon ,PLATINUM,Pune,980199,44751,Diesel,2nd,2018,Tata
671,Honda Jazz ,PLATINUM,Chennai,794299,5183,Petrol,2nd,2019,Honda
672,Maruti Suzuki Swift,PLATINUM,Pune,411899,136082,Diesel,2nd,2012,Maruti
673,Maruti Suzuki Celerio,PLATINUM,Chennai,557399,5817,Petrol,1st,2019,Maruti
674,Hyundai Creta ,PLATINUM,Pune,896099,99138,Diesel,2nd,2015,Hyundai
675,Honda Jazz ,PLATINUM,Pune,637699,27936,Petrol,2nd,2016,Honda
676,Maruti Suzuki Alto,PLATINUM,Chennai,254499,39845,Petrol,3rd,2014,Maruti
677,Maruti Suzuki Eeco,PLATINUM,Chennai,457699,15615,Petrol,2nd,2019,Maruti
678,Honda Brio ,PLATINUM,Chennai,361599,53158,Petrol,2nd,2012,Honda
679,Maruti Suzuki Baleno,PLATINUM,Pune,675799,16002,Petrol,2nd,2019,Maruti
680,Maruti Suzuki Wagon,PLATINUM,Pune,389499,31133,Petrol,1st,2015,Maruti
681,Maruti Suzuki Baleno,PLATINUM,Bangalore,625599,20172,Petrol,2nd,2016,Maruti
682,Volkswagen Polo ,PLATINUM,Bangalore,686999,69653,Petrol,1st,2013,Volkswagen
683,Volkswagen Ameo Comfortline,PLATINUM,Chennai,519699,26023,Petrol,1st,2017,Volkswagen
684,Maruti Suzuki Alto,PLATINUM,Chennai,324599,19805,Petrol,2nd,2018,Maruti
685,Maruti Suzuki Alto,PLATINUM,Chennai,340199,41365,Petrol,2nd,2017,Maruti
686,Ford Ecosport ,PLATINUM,Chennai,693999,90001,Diesel,1st,2017,Ford
687,Hyundai EON Era,PLATINUM,Chennai,310999,45285,Petrol,2nd,2016,Hyundai
688,Maruti Suzuki Ciaz,PLATINUM,Bangalore,722199,42441,Petrol,2nd,2016,Maruti
689,Maruti Suzuki Celerio,PLATINUM,Bangalore,485099,24342,Petrol,3rd,2016,Maruti
690,Maruti Suzuki Dzire,PLATINUM,Chennai,614999,14308,Petrol,2nd,2017,Maruti
691,Maruti Suzuki Vitara,PLATINUM,Pune,1061399,32456,Diesel,2nd,2018,Maruti
692,Maruti Suzuki S,PLATINUM,Pune,879699,58448,Diesel,1st,2018,Maruti
693,Maruti Suzuki Ertiga,PLATINUM,Chennai,755199,86576,Diesel,2nd,2016,Maruti
694,Ford Ecosport ,PLATINUM,Bangalore,816399,50421,Petrol,2nd,2018,Ford
695,Maruti Suzuki Eeco,PLATINUM,Chennai,414299,26035,Petrol,2nd,2017,Maruti
696,Tata Tiago ,PLATINUM,Chennai,476299,23499,Petrol,2nd,2018,Tata
697,Maruti Suzuki Baleno,PLATINUM,Chennai,572599,25636,Petrol,2nd,2016,Maruti
698,Kia Seltos ,PLATINUM,Bangalore,1644799,15023,Petrol,2nd,2019,Kia
699,Kia Carnival ,GOLD,Chennai,1500000,50000,Diesel,1st,2020,Kia
700,Hyundai Creta ,GOLD,Chennai,1000000,12000,Petrol,1st,2021,Hyundai
701,Maruti Suzuki Alto,PLATINUM,Bangalore,352199,22584,Petrol,1st,2015,Maruti
702,Maruti Suzuki Baleno,PLATINUM,Bangalore,566899,22394,Petrol,2nd,2017,Maruti
703,Maruti Suzuki Dzire,PLATINUM,Chennai,650699,93563,Diesel,2nd,2017,Maruti
704,Maruti Suzuki Eeco,PLATINUM,Chennai,413399,10537,Petrol,2nd,2017,Maruti
705,Ford Ecosport ,PLATINUM,Chennai,645799,81515,Diesel,1st,2016,Ford
706,Jeep Compass ,PLATINUM,Chennai,1551499,24676,Diesel,2nd,2017,Jeep
707,Maruti Suzuki Alto,PLATINUM,Pune,333699,11917,Petrol,2nd,2017,Maruti
708,Maruti Suzuki Ertiga,PLATINUM,Pune,811799,69654,Diesel,2nd,2016,Maruti
709,Maruti Suzuki Alto,PLATINUM,Pune,406899,16226,Petrol,2nd,2017,Maruti
710,Ford Ecosport ,PLATINUM,Pune,727299,8925,Petrol,2nd,2018,Ford
711,Honda Jazz ,PLATINUM,Bangalore,657399,27819,Petrol,2nd,2016,Honda
712,Hyundai Grand i10,PLATINUM,Bangalore,637599,26543,Petrol,2nd,2020,Hyundai
713,Maruti Suzuki Dzire,PLATINUM,Bangalore,623799,90088,Petrol,2nd,2017,Maruti
714,Maruti Suzuki Eeco,PLATINUM,Chennai,422899,34258,Petrol,2nd,2018,Maruti
715,Hyundai i20 Active,PLATINUM,Chennai,576099,101744,Petrol,2nd,2015,Hyundai
716,Jeep Compass ,PLATINUM,Pune,1987699,19830,Petrol,2nd,2019,Jeep
717,MG Motors Hector,PLATINUM,Pune,1652199,13636,Petrol,1st,2019,MG
718,Hyundai Venue ,PLATINUM,Bangalore,1217499,21393,Petrol,2nd,2019,Hyundai
719,Hyundai Creta ,PLATINUM,Pune,1198299,76915,Diesel,2nd,2017,Hyundai
720,Hyundai Grand i10,PLATINUM,Chennai,590799,16300,Petrol,2nd,2018,Hyundai
721,Hyundai Elite i20,PLATINUM,Pune,844999,40106,Diesel,2nd,2019,Hyundai
722,Renault Kwid RXT,PLATINUM,Bangalore,328499,66461,Petrol,1st,2015,Renault
723,Hyundai Creta ,PLATINUM,Pune,769599,48182,Petrol,2nd,2016,Hyundai
724,Hyundai Elite i20,PLATINUM,Bangalore,654299,41816,Petrol,1st,2017,Hyundai
725,Hyundai i20 ,PLATINUM,Chennai,395699,73841,Petrol,2nd,2012,Hyundai
726,Renault Kwid RxL,PLATINUM,Chennai,294799,19908,Petrol,3rd,2016,Renault
727,Hyundai Elite i20,PLATINUM,Chennai,534499,26226,Petrol,1st,2018,Hyundai
728,Maruti Suzuki Baleno,PLATINUM,Chennai,681399,43287,Petrol,2nd,2016,Maruti
729,Datsun Redi GO,PLATINUM,Bangalore,415699,26527,Petrol,2nd,2018,Datsun
730,Maruti Suzuki Alto,PLATINUM,Bangalore,300199,37801,Petrol,3rd,2017,Maruti
731,Maruti Suzuki Vitara,PLATINUM,Chennai,856699,54044,Diesel,2nd,2017,Maruti
732,Ford Figo Aspire,PLATINUM,Pune,481399,29632,Petrol,2nd,2017,Ford
733,Hyundai i10 Magna,GOLD,Bangalore,229000,65000,Petrol,1st,2014,Hyundai
734,Jeep Compass Limited,GOLD,Mahasamund,1750000,31000,Diesel,1st,2017,Jeep
735,Jeep Compass Limited,GOLD,Bilaspur,1750000,31000,Diesel,1st,2017,Jeep
736,Jeep Compass Limited,GOLD,Jagdalpur,1750000,31000,Diesel,1st,2017,Jeep
